text,intent
Rate of kodo millet in the market,market
Mandi rate of muskmelon,market
How expensive is cherry today?,market
Market price of jackfruit,market
Mandi price of mustard seed,market
What is the rate of plum?,market
Price of mustard seed in assam,market
Price of sunflower in sikkim,market
Mandi price of onion,market
What is the cost of radish today?,market
Current price of pineapple,market
Mandi rate of field pea,market
What is the rate of tea?,market
What is the rate of nutmeg?,market
Today's price of pumpkin,market
What is the cost of eggplant today?,market
How expensive is rubber today?,market
Rate of kiwi in the market,market
Market price of capsicum,market
Today's price of mustard,market
How much is eggplant selling for?,market
What is the cost of wheat today?,market
Today's price of strawberry,market
Current price of chilli,market
Mandi rate of lychee,market
What is the cost of groundnut today?,market
Price of carrot in tripura,market
Rate of pomegranate in the market,market
Rate of jute in the market,market
How expensive is black pepper today?,market
Rate of coconut in the market,market
How expensive is pear today?,market
Today's price of muskmelon,market
How much is grapes selling for?,market
How much is turnip selling for?,market
How much is green gram selling for?,market
Latest price of clove,market
How expensive is snake gourd today?,market
Latest price of pineapple,market
Latest price of apricot,market
How much is watermelon selling for?,market
What is the price of cowpea?,market
Price of mustard in maharashtra,market
Mandi price of sunflower,market
Mandi rate of capsicum,market
How much is kodo millet selling for?,market
Rate of tea in the market,market
Price of corn in gujarat,market
Market price of lychee,market
Today's price of kodo millet,market
What is the rate of ragi?,market
What is the cost of ash gourd today?,market
Mandi price of ridge gourd,market
What is the price of groundnut?,market
Price of turmeric in jharkhand,market
Rate of cherry in the market,market
What is the cost of guava today?,market
Latest price of mustard seed,market
Today's price of moth bean,market
Mandi price of little millet,market
How expensive is rubber today?,market
Mandi price of sunflower,market
How expensive is black pepper today?,market
How expensive is rubber today?,market
Rate of cauliflower in the market,market
Current price of chilli,market
What is the rate of eggplant?,market
What is the rate of tea?,market
What is the price of snake gourd?,market
Current price of fennel,market
How expensive is chickpea today?,market
Current price of rice,market
What is the rate of quinoa?,market
What is the rate of rice?,market
How much is kodo millet selling for?,market
Mandi rate of coriander,market
Market price of pearl millet,market
Current price of grapes,market
What is the rate of eggplant?,market
How much is arecanut selling for?,market
Mandi rate of cauliflower,market
Market price of eggplant,market
What is the rate of arecanut?,market
How expensive is green gram today?,market
Price of pear in uttarakhand,market
Latest price of tomato,market
What is the rate of sunflower?,market
Latest price of mustard seed,market
What is the rate of cumin?,market
How much is pearl millet selling for?,market
How much is garlic selling for?,market
How expensive is pear today?,market
How expensive is radish today?,market
What is the rate of chilli?,market
Current price of pomegranate,market
Mandi price of green gram,market
Market price of tomato,market
What is the price of strawberry?,market
How expensive is peach today?,market
Current price of lychee,market
What is the cost of cherry today?,market
Mandi price of strawberry,market
Rate of okra in the market,market
What is the rate of black gram?,market
What is the cost of castor today?,market
What is the rate of papaya?,market
What is the cost of barnyard millet today?,market
What is the price of green gram?,market
What is the price of barnyard millet?,market
Mandi price of brinjal,market
What is the rate of field pea?,market
Price of rice in telangana,market
Current price of cardamom,market
Market price of coconut,market
What is the price of barley?,market
Price of castor in meghalaya,market
How expensive is proso millet today?,market
Current price of pepper,market
Price of coriander in uttar pradesh,market
Market price of clove,market
What is the cost of ash gourd today?,market
Mandi price of onion,market
What is the cost of jackfruit today?,market
What is the price of black pepper?,market
Rate of lentils in the market,market
How expensive is papaya today?,market
Mandi rate of rice,market
How expensive is kiwi today?,market
What is the price of ragi?,market
Latest price of guava,market
Today's price of buckwheat,market
Latest price of cardamom,market
Mandi price of pear,market
What is the cost of black gram today?,market
Rate of kodo millet in the market,market
Market price of moth bean,market
What is the rate of bottle gourd?,market
What is the price of soybean?,market
Mandi price of sunflower,market
Latest price of chilli,market
Latest price of rajma,market
Mandi price of muskmelon,market
Market price of garlic,market
Market price of bottle gourd,market
What is the price of mango?,market
Mandi price of cowpea,market
Market price of clove,market
What is the rate of peach?,market
Latest price of pumpkin,market
What is the rate of foxtail millet?,market
Current price of strawberry,market
How expensive is coffee today?,market
Market price of strawberry,market
Latest price of sorghum,market
Market price of coconut,market
How expensive is snake gourd today?,market
What is the rate of spinach?,market
Market price of pineapple,market
How much is cardamom selling for?,market
What is the price of apple?,market
What is the price of fenugreek?,market
Price of lemon in jharkhand,market
Mandi rate of cocoa,market
Rate of rajma in the market,market
How much is coconut selling for?,market
What is the rate of pigeon pea?,market
How much is jute selling for?,market
What is the price of coriander?,market
Today's price of fennel,market
Mandi price of maize,market
Current price of tea,market
Rate of tomato in the market,market
Mandi rate of fennel,market
Rate of peach in the market,market
Price of cabbage in nagaland,market
What is the cost of tea today?,market
What is the price of rice?,market
Today's price of mustard seed,market
How expensive is maize today?,market
Rate of mustard in the market,market
How expensive is cardamom today?,market
What is the cost of castor today?,market
How expensive is ginger today?,market
Market price of barley,market
What is the rate of carrot?,market
Current price of lychee,market
Rate of brinjal in the market,market
Price of sweet potato in madhya pradesh,market
How expensive is maize today?,market
Current price of banana,market
What is the rate of cucumber?,market
What is the rate of lentils?,market
How expensive is beetroot today?,market
Market price of cinnamon,market
What is the cost of radish today?,market
How much is groundnut selling for?,market
What is the cost of horse gram today?,market
Market price of cabbage,market
How expensive is apple today?,market
What is the rate of black gram?,market
Mandi price of snake gourd,market
Price of nutmeg in maharashtra,market
Mandi rate of banana,market
What is the price of moth bean?,market
Mandi rate of amaranth,market
Current price of fennel,market
Mandi price of pineapple,market
Mandi price of fennel,market
How much is jackfruit selling for?,market
What is the price of green gram?,market
How expensive is cocoa today?,market
What is the cost of papaya today?,market
Price of coffee in punjab,market
How much is linseed selling for?,market
Mandi rate of castor,market
Rate of spinach in the market,market
Price of lemon in arunachal pradesh,market
What is the price of ladyfinger?,market
Current price of cowpea,market
How much is cocoa selling for?,market
What is the price of rice?,market
Latest price of mustard seed,market
What is the price of cardamom?,market
Today's price of mustard seed,market
Mandi price of guava,market
How much is papaya selling for?,market
Current price of fenugreek,market
Rate of jackfruit in the market,market
Price of onion in manipur,market
Today's price of arecanut,market
What is the price of ridge gourd?,market
Latest price of maize,market
What is the cost of sesame today?,market
How much is arecanut selling for?,market
Today's price of chickpea,market
Current price of chickpea,market
What is the price of pomegranate?,market
Mandi price of pineapple,market
Latest price of lettuce,market
What is the price of grapes?,market
Rate of lemon in the market,market
How expensive is sunflower today?,market
Market price of strawberry,market
Mandi rate of pear,market
Rate of quinoa in the market,market
Today's price of millet,market
What is the price of buckwheat?,market
What is the cost of coffee today?,market
Latest price of turmeric,market
Current price of peas,market
Current price of lentils,market
What is the price of sesame?,market
Mandi rate of black pepper,market
Mandi rate of capsicum,market
What is the price of foxtail millet?,market
Market price of little millet,market
Price of cocoa in karnataka,market
Rate of black gram in the market,market
Current price of watermelon,market
Today's price of plum,market
Mandi price of eggplant,market
Current price of radish,market
What is the cost of barnyard millet today?,market
Mandi price of onion,market
What is the cost of onion today?,market
What is the rate of kiwi?,market
Mandi price of orange,market
How much is mustard selling for?,market
Today's price of peas,market
How expensive is cocoa today?,market
What is the price of eggplant?,market
Mandi price of orange,market
Mandi price of fenugreek,market
Rate of muskmelon in the market,market
Rate of sunflower in the market,market
Today's price of coffee,market
Mandi rate of snake gourd,market
Mandi price of linseed,market
Mandi price of chilli,market
Mandi rate of kodo millet,market
What is the price of onion?,market
Current price of pigeon pea,market
Mandi rate of lemon,market
Today's price of horse gram,market
How much is clove selling for?,market
What is the price of fenugreek?,market
Today's price of banana,market
What is the cost of cocoa today?,market
Today's price of wheat,market
Latest price of cauliflower,market
Rate of ridge gourd in the market,market
How expensive is coconut today?,market
Current price of rajma,market
Latest price of groundnut,market
What is the cost of jackfruit today?,market
Rate of black pepper in the market,market
How expensive is okra today?,market
What is the cost of soybean today?,market
Mandi rate of peas,market
How much is clove selling for?,market
Will it rain in tripura?,weather
Weather forecast in telangana,weather
Will it rain in assam?,weather
What is the weather in assam?,weather
Will it rain in himachal pradesh?,weather
Weather forecast in west bengal,weather
Will it rain in goa?,weather
How hot is it in maharashtra?,weather
Will it rain in sikkim?,weather
Weather today in manipur,weather
How hot is it in chhattisgarh?,weather
Weather today in sikkim,weather
Temperature in karnataka,weather
Is it sunny in chhattisgarh?,weather
Weather today in andhra pradesh,weather
Is it sunny in andhra pradesh?,weather
Is it sunny in tripura?,weather
Rain prediction in jharkhand,weather
Temperature in west bengal,weather
Is it sunny in jharkhand?,weather
Current weather in andhra pradesh,weather
Weather conditions in punjab,weather
Weather conditions in chhattisgarh,weather
Weather conditions in meghalaya,weather
Is it sunny in meghalaya?,weather
Humidity in haryana,weather
Weather conditions in haryana,weather
Current weather in assam,weather
Humidity in uttarakhand,weather
What is the weather in haryana?,weather
Temperature in himachal pradesh,weather
Temperature in kerala,weather
Temperature in west bengal,weather
Will it rain in uttarakhand?,weather
Is it sunny in sikkim?,weather
Will it rain in telangana?,weather
Current weather in goa,weather
Temperature in tamil nadu,weather
Weather today in karnataka,weather
Current weather in gujarat,weather
Humidity in haryana,weather
Is it sunny in west bengal?,weather
Is it raining in rajasthan?,weather
Weather conditions in uttar pradesh,weather
Weather conditions in punjab,weather
Weather conditions in himachal pradesh,weather
What is the weather in punjab?,weather
How hot is it in sikkim?,weather
Current weather in mizoram,weather
Weather today in punjab,weather
Temperature in sikkim,weather
Humidity in mizoram,weather
Is it sunny in madhya pradesh?,weather
Rain prediction in west bengal,weather
Will it rain in manipur?,weather
Is it sunny in telangana?,weather
Weather forecast in nagaland,weather
Weather today in haryana,weather
How hot is it in andhra pradesh?,weather
Is it sunny in karnataka?,weather
Is it raining in tamil nadu?,weather
Current weather in haryana,weather
Rain prediction in himachal pradesh,weather
Is it raining in manipur?,weather
Weather forecast in manipur,weather
Weather today in maharashtra,weather
Weather conditions in haryana,weather
Rain prediction in assam,weather
Humidity in sikkim,weather
Weather forecast in odisha,weather
Current weather in assam,weather
Will it rain in himachal pradesh?,weather
Humidity in karnataka,weather
Weather conditions in madhya pradesh,weather
Humidity in tripura,weather
Rain prediction in punjab,weather
Rain prediction in uttar pradesh,weather
Weather forecast in nagaland,weather
Current weather in kerala,weather
Rain prediction in uttarakhand,weather
Weather today in gujarat,weather
Is it raining in arunachal pradesh?,weather
Temperature in arunachal pradesh,weather
Weather forecast in telangana,weather
What is the weather in rajasthan?,weather
Is it raining in mizoram?,weather
Temperature in chhattisgarh,weather
Will it rain in telangana?,weather
How hot is it in assam?,weather
Will it rain in haryana?,weather
Weather forecast in uttarakhand,weather
Temperature in bihar,weather
Is it sunny in chhattisgarh?,weather
How hot is it in andhra pradesh?,weather
Weather today in telangana,weather
Rain prediction in mizoram,weather
Weather forecast in assam,weather
What is the weather in meghalaya?,weather
Weather today in west bengal,weather
Weather today in madhya pradesh,weather
How hot is it in west bengal?,weather
Rain prediction in himachal pradesh,weather
Rain prediction in jharkhand,weather
Is it raining in andhra pradesh?,weather
Will it rain in odisha?,weather
Rain prediction in uttarakhand,weather
Is it raining in uttarakhand?,weather
Temperature in jharkhand,weather
Weather conditions in uttar pradesh,weather
Will it rain in gujarat?,weather
What is the weather in jharkhand?,weather
Current weather in tripura,weather
Weather today in maharashtra,weather
Weather today in mizoram,weather
Is it sunny in andhra pradesh?,weather
What is the weather in arunachal pradesh?,weather
Weather conditions in maharashtra,weather
Rain prediction in tamil nadu,weather
Humidity in tripura,weather
What is the weather in assam?,weather
Is it sunny in punjab?,weather
Humidity in assam,weather
Temperature in telangana,weather
Temperature in maharashtra,weather
Is it sunny in madhya pradesh?,weather
Rain prediction in meghalaya,weather
Weather conditions in telangana,weather
Weather conditions in jharkhand,weather
What is the weather in andhra pradesh?,weather
Temperature in manipur,weather
Weather today in west bengal,weather
What is the weather in mizoram?,weather
Weather conditions in himachal pradesh,weather
Is it sunny in maharashtra?,weather
Rain prediction in madhya pradesh,weather
Rain prediction in karnataka,weather
Will it rain in chhattisgarh?,weather
Will it rain in telangana?,weather
Is it sunny in goa?,weather
Temperature in uttarakhand,weather
Current weather in bihar,weather
Weather today in andhra pradesh,weather
Will it rain in punjab?,weather
Weather forecast in tamil nadu,weather
Weather conditions in odisha,weather
Temperature in meghalaya,weather
Rain prediction in himachal pradesh,weather
What is the weather in gujarat?,weather
Rain prediction in arunachal pradesh,weather
Is it sunny in manipur?,weather
Rain prediction in assam,weather
Temperature in kerala,weather
What is the weather in meghalaya?,weather
Current weather in himachal pradesh,weather
Is it sunny in bihar?,weather
Weather today in chhattisgarh,weather
Current weather in meghalaya,weather
Temperature in bihar,weather
Temperature in west bengal,weather
Will it rain in assam?,weather
Is it sunny in arunachal pradesh?,weather
Is it raining in madhya pradesh?,weather
Weather today in himachal pradesh,weather
What is the weather in jharkhand?,weather
Will it rain in rajasthan?,weather
Rain prediction in rajasthan,weather
Weather today in gujarat,weather
Is it raining in telangana?,weather
Humidity in sikkim,weather
Weather forecast in goa,weather
Is it raining in madhya pradesh?,weather
Is it sunny in meghalaya?,weather
Temperature in rajasthan,weather
Temperature in odisha,weather
Temperature in sikkim,weather
Will it rain in bihar?,weather
Is it raining in meghalaya?,weather
Current weather in kerala,weather
Weather today in mizoram,weather
Is it sunny in sikkim?,weather
Weather forecast in himachal pradesh,weather
Weather conditions in rajasthan,weather
Weather forecast in karnataka,weather
What is the weather in kerala?,weather
What is the weather in nagaland?,weather
Weather forecast in tripura,weather
Current weather in west bengal,weather
Temperature in tripura,weather
What is the weather in kerala?,weather
Current weather in uttar pradesh,weather
Weather conditions in arunachal pradesh,weather
Temperature in uttarakhand,weather
Is it sunny in sikkim?,weather
Humidity in punjab,weather
What is the weather in kerala?,weather
Rain prediction in uttarakhand,weather
Weather forecast in bihar,weather
Temperature in madhya pradesh,weather
What is the weather in uttar pradesh?,weather
Current weather in tamil nadu,weather
What is the weather in assam?,weather
Is it raining in uttar pradesh?,weather
What is the weather in punjab?,weather
Rain prediction in manipur,weather
Weather today in karnataka,weather
Is it raining in himachal pradesh?,weather
Current weather in manipur,weather
Humidity in rajasthan,weather
Is it sunny in assam?,weather
Weather today in goa,weather
Weather today in nagaland,weather
Weather conditions in andhra pradesh,weather
Weather forecast in punjab,weather
Is it sunny in manipur?,weather
Weather conditions in bihar,weather
Weather forecast in uttarakhand,weather
Is it raining in kerala?,weather
Is it raining in madhya pradesh?,weather
Weather forecast in arunachal pradesh,weather
Rain prediction in odisha,weather
Will it rain in mizoram?,weather
Weather forecast in uttar pradesh,weather
What is the weather in manipur?,weather
What is the weather in manipur?,weather
How hot is it in telangana?,weather
Temperature in assam,weather
Is it sunny in gujarat?,weather
Temperature in haryana,weather
Weather forecast in meghalaya,weather
Weather today in rajasthan,weather
Weather today in chhattisgarh,weather
What is the weather in haryana?,weather
Weather today in rajasthan,weather
Humidity in uttarakhand,weather
What is the weather in andhra pradesh?,weather
Will it rain in himachal pradesh?,weather
Will it rain in telangana?,weather
Rain prediction in tripura,weather
Weather forecast in west bengal,weather
Weather today in uttar pradesh,weather
Rain prediction in nagaland,weather
Is it raining in west bengal?,weather
How hot is it in andhra pradesh?,weather
Is it sunny in sikkim?,weather
Is it raining in chhattisgarh?,weather
Humidity in maharashtra,weather
Will it rain in gujarat?,weather
How hot is it in sikkim?,weather
Weather forecast in meghalaya,weather
Weather conditions in maharashtra,weather
Weather conditions in tamil nadu,weather
How hot is it in haryana?,weather
Weather forecast in goa,weather
Weather conditions in punjab,weather
Is it sunny in punjab?,weather
Rain prediction in tripura,weather
Weather forecast in uttar pradesh,weather
Is it sunny in haryana?,weather
Is it sunny in chhattisgarh?,weather
Weather today in kerala,weather
Weather conditions in uttar pradesh,weather
Weather forecast in chhattisgarh,weather
Humidity in west bengal,weather
Weather today in gujarat,weather
Weather conditions in tripura,weather
Will it rain in sikkim?,weather
What is the weather in tripura?,weather
Weather today in telangana,weather
Will it rain in arunachal pradesh?,weather
Temperature in tamil nadu,weather
Weather forecast in uttar pradesh,weather
Weather today in west bengal,weather
Is it raining in nagaland?,weather
What is the weather in arunachal pradesh?,weather
Is it raining in rajasthan?,weather
Will it rain in goa?,weather
Weather conditions in chhattisgarh,weather
Is it sunny in odisha?,weather
Weather forecast in uttar pradesh,weather
Is it raining in chhattisgarh?,weather
Weather forecast in jharkhand,weather
Is it raining in meghalaya?,weather
How hot is it in punjab?,weather
Temperature in punjab,weather
Is it sunny in rajasthan?,weather
Is it raining in manipur?,weather
What is the weather in chhattisgarh?,weather
Is it raining in tamil nadu?,weather
Weather conditions in maharashtra,weather
How hot is it in maharashtra?,weather
Humidity in jharkhand,weather
Weather conditions in maharashtra,weather
Is it sunny in uttar pradesh?,weather
Humidity in maharashtra,weather
Current weather in andhra pradesh,weather
Temperature in chhattisgarh,weather
Weather forecast in sikkim,weather
What is the weather in tripura?,weather
How hot is it in haryana?,weather
What is the weather in jharkhand?,weather
PM Kisan scheme details,scheme
Financial schemes for farmers,scheme
Farmer welfare schemes,scheme
Financial schemes for farmers,scheme
Government support for farmers,scheme
Financial schemes for farmers,scheme
Farmer welfare schemes,scheme
Agriculture loan schemes,scheme
Government support for farmers,scheme
Farmer welfare schemes,scheme
Crop insurance scheme,scheme
Government schemes for farmers,scheme
PM Kisan scheme details,scheme
Farmer welfare schemes,scheme
Any agriculture subsidy?,scheme
Crop insurance scheme,scheme
Government schemes for farmers,scheme
Government programs for agriculture,scheme
PM Kisan scheme details,scheme
Crop insurance scheme,scheme
Crop insurance scheme,scheme
Government support for farmers,scheme
PM Kisan scheme details,scheme
Government support for farmers,scheme
Farmer subsidy schemes,scheme
Government schemes for farmers,scheme
Farmer welfare schemes,scheme
PM Kisan scheme details,scheme
Agriculture loan schemes,scheme
Farmer welfare schemes,scheme
Government schemes for farmers,scheme
PM Kisan scheme details,scheme
Agriculture loan schemes,scheme
Crop insurance scheme,scheme
Farmer subsidy schemes,scheme
PM Kisan scheme details,scheme
PM Kisan scheme details,scheme
Crop insurance scheme,scheme
Government support for farmers,scheme
Farmer subsidy schemes,scheme
Government programs for agriculture,scheme
Government support for farmers,scheme
Financial schemes for farmers,scheme
Farmer subsidy schemes,scheme
Crop insurance scheme,scheme
Crop insurance scheme,scheme
Financial schemes for farmers,scheme
Farmer subsidy schemes,scheme
Government support for farmers,scheme
Government programs for agriculture,scheme
Any agriculture subsidy?,scheme
Any agriculture subsidy?,scheme
Government programs for agriculture,scheme
PM Kisan scheme details,scheme
Any agriculture subsidy?,scheme
PM Kisan scheme details,scheme
Crop insurance scheme,scheme
Government schemes for farmers,scheme
Farmer welfare schemes,scheme
Government programs for agriculture,scheme
Financial schemes for farmers,scheme
PM Kisan scheme details,scheme
Government programs for agriculture,scheme
Any agriculture subsidy?,scheme
Financial schemes for farmers,scheme
PM Kisan scheme details,scheme
Government support for farmers,scheme
Financial schemes for farmers,scheme
PM Kisan scheme details,scheme
Agriculture loan schemes,scheme
Agriculture loan schemes,scheme
Any agriculture subsidy?,scheme
Government programs for agriculture,scheme
Farmer welfare schemes,scheme
Crop insurance scheme,scheme
Government support for farmers,scheme
Farmer subsidy schemes,scheme
Financial schemes for farmers,scheme
Government programs for agriculture,scheme
Government schemes for farmers,scheme
PM Kisan scheme details,scheme
Crop insurance scheme,scheme
Government programs for agriculture,scheme
PM Kisan scheme details,scheme
Any agriculture subsidy?,scheme
PM Kisan scheme details,scheme
Government schemes for farmers,scheme
Crop insurance scheme,scheme
Agriculture loan schemes,scheme
PM Kisan scheme details,scheme
Government schemes for farmers,scheme
Crop insurance scheme,scheme
Crop insurance scheme,scheme
Farmer welfare schemes,scheme
Any agriculture subsidy?,scheme
Financial schemes for farmers,scheme
Any agriculture subsidy?,scheme
Agriculture loan schemes,scheme
PM Kisan scheme details,scheme
Government programs for agriculture,scheme
Financial schemes for farmers,scheme
Financial schemes for farmers,scheme
Government programs for agriculture,scheme
Government programs for agriculture,scheme
PM Kisan scheme details,scheme
Farmer welfare schemes,scheme
Government schemes for farmers,scheme
Government programs for agriculture,scheme
PM Kisan scheme details,scheme
Government schemes for farmers,scheme
Government support for farmers,scheme
Financial schemes for farmers,scheme
Farmer subsidy schemes,scheme
Government support for farmers,scheme
PM Kisan scheme details,scheme
Farmer subsidy schemes,scheme
Any agriculture subsidy?,scheme
PM Kisan scheme details,scheme
Government schemes for farmers,scheme
Farmer subsidy schemes,scheme
PM Kisan scheme details,scheme
Government schemes for farmers,scheme
Financial schemes for farmers,scheme
Government support for farmers,scheme
Agriculture loan schemes,scheme
Farmer subsidy schemes,scheme
Crop insurance scheme,scheme
PM Kisan scheme details,scheme
Financial schemes for farmers,scheme
Farmer subsidy schemes,scheme
Crop insurance scheme,scheme
Government programs for agriculture,scheme
Any agriculture subsidy?,scheme
Crop insurance scheme,scheme
Government programs for agriculture,scheme
Farmer subsidy schemes,scheme
Crop insurance scheme,scheme
Government schemes for farmers,scheme
Any agriculture subsidy?,scheme
Farmer subsidy schemes,scheme
Government support for farmers,scheme
Any agriculture subsidy?,scheme
Government schemes for farmers,scheme
Agriculture loan schemes,scheme
Crop insurance scheme,scheme
Government programs for agriculture,scheme
Farmer subsidy schemes,scheme
Any agriculture subsidy?,scheme
Government support for farmers,scheme
Farmer subsidy schemes,scheme
Agriculture loan schemes,scheme
Farmer welfare schemes,scheme
Government support for farmers,scheme
Farmer welfare schemes,scheme
Government programs for agriculture,scheme
Farmer subsidy schemes,scheme
PM Kisan scheme details,scheme
Government support for farmers,scheme
Government schemes for farmers,scheme
Government programs for agriculture,scheme
Farmer subsidy schemes,scheme
Crop insurance scheme,scheme
Government support for farmers,scheme
Financial schemes for farmers,scheme
Any agriculture subsidy?,scheme
Financial schemes for farmers,scheme
Financial schemes for farmers,scheme
Crop insurance scheme,scheme
Financial schemes for farmers,scheme
Government programs for agriculture,scheme
Farmer subsidy schemes,scheme
Farmer subsidy schemes,scheme
Crop insurance scheme,scheme
Financial schemes for farmers,scheme
Farmer subsidy schemes,scheme
Crop insurance scheme,scheme
Government support for farmers,scheme
Agriculture loan schemes,scheme
Agriculture loan schemes,scheme
Financial schemes for farmers,scheme
Any agriculture subsidy?,scheme
Agriculture loan schemes,scheme
Agriculture loan schemes,scheme
PM Kisan scheme details,scheme
Farmer subsidy schemes,scheme
Government schemes for farmers,scheme
Financial schemes for farmers,scheme
Crop insurance scheme,scheme
Government programs for agriculture,scheme
Agriculture loan schemes,scheme
Farmer subsidy schemes,scheme
Crop insurance scheme,scheme
Government support for farmers,scheme
Financial schemes for farmers,scheme
Crop insurance scheme,scheme
Financial schemes for farmers,scheme
Farmer welfare schemes,scheme
Farmer welfare schemes,scheme
PM Kisan scheme details,scheme
Government support for farmers,scheme
Government schemes for farmers,scheme
Farmer subsidy schemes,scheme
Government programs for agriculture,scheme
Government support for farmers,scheme
Farmer subsidy schemes,scheme
Financial schemes for farmers,scheme
Financial schemes for farmers,scheme
Government programs for agriculture,scheme
Farmer subsidy schemes,scheme
Financial schemes for farmers,scheme
Government support for farmers,scheme
Government programs for agriculture,scheme
Government programs for agriculture,scheme
Government schemes for farmers,scheme
Financial schemes for farmers,scheme
Government schemes for farmers,scheme
Government schemes for farmers,scheme
Farmer welfare schemes,scheme
Farmer welfare schemes,scheme
Agriculture loan schemes,scheme
Farmer subsidy schemes,scheme
Financial schemes for farmers,scheme
Agriculture loan schemes,scheme
Any agriculture subsidy?,scheme
Government programs for agriculture,scheme
Any agriculture subsidy?,scheme
Government schemes for farmers,scheme
Any agriculture subsidy?,scheme
PM Kisan scheme details,scheme
PM Kisan scheme details,scheme
Farmer subsidy schemes,scheme
Government support for farmers,scheme
Crop insurance scheme,scheme
Crop insurance scheme,scheme
Farmer welfare schemes,scheme
Government support for farmers,scheme
Government schemes for farmers,scheme
Government schemes for farmers,scheme
Farmer subsidy schemes,scheme
PM Kisan scheme details,scheme
Government schemes for farmers,scheme
Government support for farmers,scheme
Crop insurance scheme,scheme
Government programs for agriculture,scheme
Government schemes for farmers,scheme
Agriculture loan schemes,scheme
Financial schemes for farmers,scheme
Government programs for agriculture,scheme
Farmer subsidy schemes,scheme
Farmer welfare schemes,scheme
Farmer welfare schemes,scheme
Financial schemes for farmers,scheme
Farmer welfare schemes,scheme
Crop insurance scheme,scheme
Any agriculture subsidy?,scheme
Financial schemes for farmers,scheme
Financial schemes for farmers,scheme
PM Kisan scheme details,scheme
PM Kisan scheme details,scheme
Farmer welfare schemes,scheme
PM Kisan scheme details,scheme
Farmer welfare schemes,scheme
Farmer welfare schemes,scheme
Farmer subsidy schemes,scheme
Financial schemes for farmers,scheme
Farmer subsidy schemes,scheme
Crop insurance scheme,scheme
Agriculture loan schemes,scheme
Farmer subsidy schemes,scheme
Government programs for agriculture,scheme
Government schemes for farmers,scheme
Financial schemes for farmers,scheme
Any agriculture subsidy?,scheme
Farmer subsidy schemes,scheme
Crop insurance scheme,scheme
Government support for farmers,scheme
Financial schemes for farmers,scheme
Farmer welfare schemes,scheme
Government support for farmers,scheme
Government schemes for farmers,scheme
Agriculture loan schemes,scheme
Farmer subsidy schemes,scheme
Government schemes for farmers,scheme
Farmer welfare schemes,scheme
PM Kisan scheme details,scheme
PM Kisan scheme details,scheme
PM Kisan scheme details,scheme
Crop insurance scheme,scheme
Farmer subsidy schemes,scheme
Crop insurance scheme,scheme
Financial schemes for farmers,scheme
Government support for farmers,scheme
Government support for farmers,scheme
Any agriculture subsidy?,scheme
Financial schemes for farmers,scheme
Crop insurance scheme,scheme
Government schemes for farmers,scheme
Government schemes for farmers,scheme
Government schemes for farmers,scheme
Agriculture loan schemes,scheme
White powder on safflower leaves,disease
Spots appearing on turmeric leaves,disease
My sunflower plant is dying,disease
Disease in orange,disease
My turmeric leaves have yellow spots,disease
Why are my nutmeg leaves curling?,disease
Disease in little millet,disease
My papaya leaves have yellow spots,disease
My coriander leaves have yellow spots,disease
Pests attacking my linseed,disease
millet leaves turning yellow,disease
My onion plant is dying,disease
My barley leaves have yellow spots,disease
Fungus on cinnamon,disease
My ginger leaves have yellow spots,disease
Fungus on beans,disease
My ash gourd plant is dying,disease
Disease in coconut,disease
Why are my capsicum leaves curling?,disease
Fungus on pigeon pea,disease
Why are my peas leaves curling?,disease
Disease in ladyfinger,disease
fenugreek plant infected,disease
Pests attacking my ginger,disease
My rubber leaves have brown spots,disease
My cowpea plant is dying,disease
Disease in lettuce,disease
Spots appearing on coconut leaves,disease
My ragi leaves have brown spots,disease
Pests attacking my groundnut,disease
okra leaves turning yellow,disease
Why are my cucumber leaves curling?,disease
Pests attacking my moth bean,disease
guava leaves turning yellow,disease
My turmeric plant is dying,disease
Disease in proso millet,disease
Disease in wheat,disease
watermelon leaves turning yellow,disease
Spots appearing on garlic leaves,disease
Pests attacking my cumin,disease
My amaranth leaves have yellow spots,disease
What disease affects moth bean?,disease
What disease affects barnyard millet?,disease
pearl millet leaves turning yellow,disease
Spots appearing on quinoa leaves,disease
What disease affects pearl millet?,disease
White powder on onion leaves,disease
My sweet potato plant is dying,disease
My sesame leaves have yellow spots,disease
My black pepper leaves have brown spots,disease
Why are my ragi leaves curling?,disease
What disease affects buckwheat?,disease
Why are my bottle gourd leaves curling?,disease
Pests attacking my black pepper,disease
Pests attacking my safflower,disease
My maize leaves have yellow spots,disease
Pests attacking my carrot,disease
strawberry leaves turning yellow,disease
Spots appearing on arecanut leaves,disease
Spots appearing on black gram leaves,disease
White powder on strawberry leaves,disease
tomato leaves turning yellow,disease
My nutmeg leaves have brown spots,disease
My plum leaves have brown spots,disease
My millet leaves have brown spots,disease
Why are my turmeric leaves curling?,disease
My lettuce leaves have yellow spots,disease
Fungus on tea,disease
Why are my moth bean leaves curling?,disease
My guava plant is dying,disease
My jackfruit plant is dying,disease
Why are my barnyard millet leaves curling?,disease
White powder on peach leaves,disease
My bitter gourd plant is dying,disease
Spots appearing on sesame leaves,disease
What disease affects buckwheat?,disease
Spots appearing on pineapple leaves,disease
Pests attacking my banana,disease
Why are my safflower leaves curling?,disease
Spots appearing on ridge gourd leaves,disease
Pests attacking my garlic,disease
Spots appearing on turmeric leaves,disease
little millet plant infected,disease
My rice leaves have brown spots,disease
What disease affects horse gram?,disease
Why are my field pea leaves curling?,disease
Why are my arecanut leaves curling?,disease
My moth bean plant is dying,disease
Disease in capsicum,disease
Why are my chickpea leaves curling?,disease
My tea leaves have yellow spots,disease
My buckwheat plant is dying,disease
Fungus on coconut,disease
Pests attacking my lettuce,disease
My pepper leaves have yellow spots,disease
Spots appearing on ragi leaves,disease
snake gourd leaves turning yellow,disease
corn plant infected,disease
Disease in cinnamon,disease
Why are my ash gourd leaves curling?,disease
What disease affects ash gourd?,disease
Disease in mango,disease
Spots appearing on coffee leaves,disease
Fungus on beans,disease
My fenugreek leaves have yellow spots,disease
Fungus on peas,disease
My guava plant is dying,disease
Fungus on barley,disease
Pests attacking my okra,disease
Spots appearing on sunflower leaves,disease
cocoa leaves turning yellow,disease
My plum plant is dying,disease
lettuce plant infected,disease
Spots appearing on proso millet leaves,disease
My barnyard millet leaves have brown spots,disease
What disease affects groundnut?,disease
muskmelon leaves turning yellow,disease
My guava leaves have yellow spots,disease
Pests attacking my papaya,disease
What disease affects pear?,disease
Why are my rubber leaves curling?,disease
My watermelon leaves have yellow spots,disease
ash gourd plant infected,disease
Spots appearing on turmeric leaves,disease
My corn leaves have yellow spots,disease
banana leaves turning yellow,disease
My kodo millet leaves have brown spots,disease
What disease affects pineapple?,disease
peach plant infected,disease
What disease affects garlic?,disease
White powder on fenugreek leaves,disease
What disease affects wheat?,disease
My horse gram leaves have yellow spots,disease
My sweet potato plant is dying,disease
My eggplant leaves have brown spots,disease
Why are my brinjal leaves curling?,disease
What disease affects sweet potato?,disease
Pests attacking my watermelon,disease
Disease in cabbage,disease
My beetroot leaves have yellow spots,disease
papaya plant infected,disease
Why are my cowpea leaves curling?,disease
rice leaves turning yellow,disease
Pests attacking my sesame,disease
White powder on maize leaves,disease
My lettuce leaves have brown spots,disease
Disease in eggplant,disease
Spots appearing on chickpea leaves,disease
Spots appearing on jute leaves,disease
My beans leaves have yellow spots,disease
Why are my ladyfinger leaves curling?,disease
My moth bean leaves have brown spots,disease
Disease in turnip,disease
Spots appearing on quinoa leaves,disease
My potato plant is dying,disease
My barnyard millet leaves have brown spots,disease
carrot plant infected,disease
Disease in potato,disease
My pomegranate leaves have yellow spots,disease
What disease affects strawberry?,disease
White powder on rubber leaves,disease
Fungus on pear,disease
Fungus on corn,disease
My jute plant is dying,disease
What disease affects tomato?,disease
Fungus on black pepper,disease
My jute leaves have yellow spots,disease
My buckwheat plant is dying,disease
White powder on mustard seed leaves,disease
Spots appearing on beans leaves,disease
Spots appearing on lemon leaves,disease
Spots appearing on kiwi leaves,disease
My bitter gourd leaves have yellow spots,disease
Fungus on cauliflower,disease
Fungus on buckwheat,disease
Disease in clove,disease
White powder on beans leaves,disease
Spots appearing on cumin leaves,disease
Fungus on plum,disease
White powder on fennel leaves,disease
arecanut leaves turning yellow,disease
Fungus on peach,disease
My green gram plant is dying,disease
Spots appearing on pear leaves,disease
Pests attacking my barley,disease
Fungus on green gram,disease
arecanut leaves turning yellow,disease
What disease affects safflower?,disease
pomegranate leaves turning yellow,disease
My turmeric plant is dying,disease
My pigeon pea plant is dying,disease
White powder on watermelon leaves,disease
What disease affects sunflower?,disease
cocoa plant infected,disease
eggplant leaves turning yellow,disease
What disease affects snake gourd?,disease
My quinoa leaves have yellow spots,disease
My watermelon leaves have brown spots,disease
Pests attacking my garlic,disease
White powder on banana leaves,disease
Spots appearing on barley leaves,disease
Fungus on coconut,disease
onion plant infected,disease
Pests attacking my lentils,disease
turmeric leaves turning yellow,disease
Fungus on clove,disease
Fungus on green gram,disease
Disease in orange,disease
My maize leaves have brown spots,disease
My peach plant is dying,disease
Disease in maize,disease
My moth bean leaves have brown spots,disease
garlic plant infected,disease
Pests attacking my papaya,disease
What disease affects ginger?,disease
My field pea plant is dying,disease
My onion leaves have brown spots,disease
My lentils plant is dying,disease
My muskmelon plant is dying,disease
Why are my radish leaves curling?,disease
My chilli leaves have yellow spots,disease
Fungus on jackfruit,disease
My quinoa leaves have yellow spots,disease
What disease affects banana?,disease
Disease in barnyard millet,disease
Pests attacking my onion,disease
What disease affects black gram?,disease
What disease affects beetroot?,disease
carrot leaves turning yellow,disease
quinoa plant infected,disease
White powder on buckwheat leaves,disease
My pineapple leaves have brown spots,disease
Why are my okra leaves curling?,disease
My guava plant is dying,disease
My cocoa leaves have brown spots,disease
My capsicum plant is dying,disease
Why are my cherry leaves curling?,disease
My onion leaves have yellow spots,disease
My fennel leaves have brown spots,disease
White powder on mustard seed leaves,disease
Pests attacking my jackfruit,disease
Spots appearing on cardamom leaves,disease
White powder on plum leaves,disease
sunflower leaves turning yellow,disease
White powder on sweet potato leaves,disease
Spots appearing on pumpkin leaves,disease
White powder on pepper leaves,disease
chilli leaves turning yellow,disease
Fungus on turnip,disease
Pests attacking my mustard,disease
What disease affects coffee?,disease
Spots appearing on corn leaves,disease
Pests attacking my eggplant,disease
What disease affects rajma?,disease
Spots appearing on cocoa leaves,disease
My kodo millet leaves have yellow spots,disease
Fungus on capsicum,disease
My potato leaves have yellow spots,disease
What disease affects amaranth?,disease
Fungus on peas,disease
Fungus on safflower,disease
Fungus on cucumber,disease
Why are my mango leaves curling?,disease
My sesame plant is dying,disease
Disease in muskmelon,disease
pumpkin leaves turning yellow,disease
My sorghum leaves have yellow spots,disease
Why are my pomegranate leaves curling?,disease
My barnyard millet plant is dying,disease
Why are my peach leaves curling?,disease
sunflower leaves turning yellow,disease
What disease affects castor?,disease
White powder on mustard leaves,disease
My cowpea leaves have brown spots,disease
Why are my barnyard millet leaves curling?,disease
My apricot leaves have brown spots,disease
My pigeon pea leaves have yellow spots,disease
Pests attacking my eggplant,disease
My green gram leaves have brown spots,disease
sunflower plant infected,disease
White powder on kodo millet leaves,disease
White powder on pineapple leaves,disease
My field pea plant is dying,disease
My snake gourd leaves have yellow spots,disease
My cumin leaves have yellow spots,disease
My rubber leaves have yellow spots,disease
Spots appearing on black gram leaves,disease
Pests attacking my radish,disease
My cabbage plant is dying,disease
Why are my peach leaves curling?,disease
White powder on proso millet leaves,disease
My cinnamon plant is dying,disease
Why are my safflower leaves curling?,disease
Spots appearing on mango leaves,disease
Disease in chilli,disease
What disease affects coffee?,disease
lentils leaves turning yellow,disease
potato leaves turning yellow,disease
Fungus on horse gram,disease
What disease affects proso millet?,disease
Who are you,general
Greetings,general
Hello chatbot,general
Greetings,general
Hi there,general
Good evening,general
Hey,general
Hi there,general
Good evening,general
What is AgroSense,general
Good morning,general
Are you there,general
Good evening,general
What is AgroSense,general
Hello chatbot,general
Hi there,general
Good afternoon,general
Good afternoon,general
Good evening,general
Hey,general
Hello chatbot,general
Who are you,general
Hello,general
Hi chatbot,general
Hi,general
Can you help me,general
Good afternoon,general
How are you,general
Hello,general
Hey,general
Who are you,general
Hello,general
Good afternoon,general
Are you there,general
Are you there,general
Good evening,general
Are you there,general
Hi there,general
Hey,general
Good morning,general
Can you help me,general
Hi,general
Hi chatbot,general
Hi there,general
Are you there,general
How are you,general
Hi there,general
Good morning,general
Are you there,general
What is AgroSense,general
How are you,general
Hello,general
Good evening,general
Hey,general
Hi there,general
Hello,general
Good evening,general
Good morning,general
Good evening,general
Hi there,general
Hello,general
Can you help me,general
Good evening,general
Hi chatbot,general
Hi,general
What is AgroSense,general
How are you,general
Hi chatbot,general
Can you help me,general
What is AgroSense,general
Hey,general
Good morning,general
Can you help me,general
Are you there,general
Hi chatbot,general
How are you,general
Good evening,general
Good morning,general
How are you,general
Hello chatbot,general
Hi,general
Hey,general
How are you,general
What is AgroSense,general
Greetings,general
Hello,general
Are you there,general
Hey,general
Hi,general
Good evening,general
Greetings,general
What is AgroSense,general
Who are you,general
Are you there,general
How are you,general
Who are you,general
Greetings,general
Good morning,general
Hi chatbot,general
Hi chatbot,general
Can you help me,general
What is AgroSense,general
Hi,general
Hi there,general
Hi there,general
Hey,general
Good afternoon,general
Can you help me,general
Hello chatbot,general
Greetings,general
Good evening,general
Good morning,general
Hello chatbot,general
What is AgroSense,general
Hi there,general
Greetings,general
Good evening,general
Good evening,general
How are you,general
Greetings,general
Hi,general
Who are you,general
How are you,general
Who are you,general
Good morning,general
Can you help me,general
Are you there,general
Hi chatbot,general
Hi,general
Greetings,general
Good evening,general
Hi there,general
Good afternoon,general
Are you there,general
Who are you,general
Hi chatbot,general
Who are you,general
Hey,general
Hi chatbot,general
Greetings,general
Hello,general
What is AgroSense,general
Good evening,general
Greetings,general
Greetings,general
Hi there,general
Are you there,general
Hey,general
Who are you,general
Good afternoon,general
Hi,general
Hi there,general
Are you there,general
Greetings,general
Hi chatbot,general
Hello chatbot,general
Good evening,general
Good afternoon,general
Hi,general
Who are you,general
Good evening,general
Who are you,general
Hello,general
Hello,general
Who are you,general
Are you there,general
What is AgroSense,general
Hi chatbot,general
Hello chatbot,general
Can you help me,general
Hey,general
Hey,general
Good morning,general
Good evening,general
Hi chatbot,general
Good morning,general
Hi chatbot,general
Hi chatbot,general
Hello,general
Hi chatbot,general
Greetings,general
Who are you,general
Greetings,general
Hello chatbot,general
Hi,general
Hi,general
Good afternoon,general
Good morning,general
Can you help me,general
Hi there,general
Hi,general
Hello chatbot,general
What is AgroSense,general
Hi there,general
Can you help me,general
Good evening,general
Hey,general
Hello,general
Hey,general
Hey,general
Good afternoon,general
Hi chatbot,general
Hi chatbot,general
Greetings,general
How are you,general
Who are you,general
Hi,general
Hi,general
Hi,general
Hi there,general
Good evening,general
Can you help me,general
How are you,general
Good afternoon,general
Hello,general
Are you there,general
Hey,general
Are you there,general
Hi there,general
Greetings,general
Hey,general
Good evening,general
Good afternoon,general
Hello,general
Good afternoon,general
Hey,general
How are you,general
What is AgroSense,general
How are you,general
Who are you,general
Hello,general
How are you,general
How are you,general
Hi there,general
Who are you,general
Hi there,general
Greetings,general
Greetings,general
Are you there,general
Hi,general
Good morning,general
How are you,general
Hello,general
What is AgroSense,general
How are you,general
Greetings,general
Good afternoon,general
Can you help me,general
Good evening,general
Greetings,general
Good evening,general
Hey,general
Hello chatbot,general
What is AgroSense,general
Good morning,general
How are you,general
Hi,general
Good evening,general
Good evening,general
Hi there,general
Hi there,general
Good morning,general
Hi there,general
Hey,general
Hi chatbot,general
Can you help me,general
Hello,general
Good afternoon,general
Are you there,general
Good afternoon,general
Greetings,general
Hey,general
Can you help me,general
Hey,general
Hello,general
Who are you,general
Hi,general
Hi there,general
Are you there,general
Good evening,general
Good morning,general
How are you,general
Hello chatbot,general
Hey,general
Can you help me,general
Hey,general
Hello,general
Hello,general
Are you there,general
Hi chatbot,general
How are you,general
Hello chatbot,general
Good afternoon,general
How are you,general
What is AgroSense,general
Good morning,general
What is AgroSense,general
Who are you,general
How are you,general
Hello chatbot,general
What are the benefits of chickpea?,help
What are the benefits of cherry?,help
Is cabbage gluten free?,help
Best way to grow watermelon,help
When should I plant tea?,help
Best way to grow ginger,help
How many species of plum exist?,help
Is proso millet gluten free?,help
What are the uses of cucumber?,help
How to grow arecanut?,help
Best way to grow kodo millet,help
How to increase lemon yield?,help
Is chilli healthy?,help
Is moth bean gluten free?,help
How to protect groundnut from pests?,help
How to grow carrot?,help
How to grow cocoa?,help
How to protect green gram from pests?,help
Best fertilizer for proso millet,help
How much water does chickpea need?,help
How to protect cumin from pests?,help
How much water does rubber need?,help
Tell me about safflower,help
When should I plant barnyard millet?,help
What soil is best for brinjal?,help
Is coffee healthy?,help
How to increase sorghum yield?,help
How many species of kiwi exist?,help
Best way to grow eggplant,help
Why is foxtail millet important?,help
When should I plant cucumber?,help
How many species of coconut exist?,help
Is potato gluten free?,help
Why is plum important?,help
How to cultivate ridge gourd?,help
What are the uses of capsicum?,help
How much water does turmeric need?,help
Is cinnamon gluten free?,help
How to protect grapes from pests?,help
How to cultivate spinach?,help
How to grow ridge gourd?,help
Is papaya gluten free?,help
Is tomato healthy?,help
How to protect beans from pests?,help
How to grow tea?,help
How to increase lychee yield?,help
Tips for growing lettuce,help
How to protect pomegranate from pests?,help
How to protect cabbage from pests?,help
How to increase horse gram yield?,help
What are the benefits of groundnut?,help
Tell me about barley,help
Why is tea important?,help
What are the benefits of jackfruit?,help
What are the benefits of pumpkin?,help
How to protect tomato from pests?,help
How to protect apricot from pests?,help
How many species of pepper exist?,help
Tips for growing barley,help
How to increase snake gourd yield?,help
Best way to grow rajma,help
How to grow turnip?,help
What are the benefits of lentils?,help
How to grow cumin?,help
How to cultivate cocoa?,help
How to cultivate chilli?,help
How to cultivate green gram?,help
What soil is best for sesame?,help
What nutrients are present in peas?,help
Best way to grow cabbage,help
Tell me about barnyard millet,help
Is brinjal healthy?,help
How to increase cumin yield?,help
Is eggplant healthy?,help
Tips for growing clove,help
How to grow radish?,help
Is turmeric gluten free?,help
Best fertilizer for okra,help
What are the uses of tea?,help
What are the uses of potato?,help
What soil is best for brinjal?,help
What are the benefits of banana?,help
Best way to grow arecanut,help
Tips for growing tomato,help
Tips for growing ladyfinger,help
How many species of pear exist?,help
When should I plant plum?,help
How to cultivate green gram?,help
How to protect clove from pests?,help
What are the uses of strawberry?,help
How to grow grapes?,help
Tell me about coriander,help
How to increase rubber yield?,help
How much water does coffee need?,help
What are the uses of horse gram?,help
Tips for growing pear,help
How to grow nutmeg?,help
What nutrients are present in maize?,help
What soil is best for millet?,help
Why is wheat important?,help
Is capsicum gluten free?,help
How to cultivate sunflower?,help
How to increase ladyfinger yield?,help
How much water does black gram need?,help
Best fertilizer for groundnut,help
Is ash gourd healthy?,help
Tell me about arecanut,help
Tell me about field pea,help
How many species of grapes exist?,help
What soil is best for strawberry?,help
How many species of sesame exist?,help
When should I plant mustard seed?,help
Is millet healthy?,help
Tips for growing plum,help
What are the benefits of lentils?,help
How much water does spinach need?,help
How much water does buckwheat need?,help
What nutrients are present in rajma?,help
Best fertilizer for arecanut,help
Tips for growing pearl millet,help
Tips for growing quinoa,help
What nutrients are present in castor?,help
How to grow muskmelon?,help
How to grow sunflower?,help
How to grow potato?,help
Is okra gluten free?,help
Tips for growing soybean,help
Is pigeon pea gluten free?,help
What are the uses of linseed?,help
How to protect potato from pests?,help
What nutrients are present in cumin?,help
What are the benefits of foxtail millet?,help
How many species of millet exist?,help
Is guava gluten free?,help
What are the uses of kodo millet?,help
Is pumpkin healthy?,help
What are the benefits of ragi?,help
How much water does cardamom need?,help
Best fertilizer for safflower,help
How many species of beans exist?,help
Why is kiwi important?,help
How much water does cowpea need?,help
What nutrients are present in linseed?,help
Is sunflower gluten free?,help
How to grow potato?,help
How to increase safflower yield?,help
Best way to grow pearl millet,help
How to grow okra?,help
What are the benefits of foxtail millet?,help
Best fertilizer for proso millet,help
When should I plant chilli?,help
Why is potato important?,help
How to protect coriander from pests?,help
When should I plant rajma?,help
How to grow proso millet?,help
Tips for growing kodo millet,help
How to cultivate strawberry?,help
Why is beans important?,help
How many species of pumpkin exist?,help
How to grow potato?,help
What are the benefits of nutmeg?,help
Tips for growing kiwi,help
Tips for growing orange,help
Tips for growing jute,help
Tips for growing peach,help
How to grow groundnut?,help
How much water does peas need?,help
How to increase bottle gourd yield?,help
How many species of barley exist?,help
How to increase barnyard millet yield?,help
How to increase ginger yield?,help
How to increase beans yield?,help
What soil is best for apricot?,help
Best way to grow beans,help
Tips for growing black pepper,help
How to grow safflower?,help
What are the uses of plum?,help
How to increase pomegranate yield?,help
Tips for growing moth bean,help
What are the benefits of peach?,help
Why is soybean important?,help
What soil is best for buckwheat?,help
Tips for growing moth bean,help
What soil is best for carrot?,help
How to increase coriander yield?,help
What are the benefits of ridge gourd?,help
Tell me about pineapple,help
Tips for growing proso millet,help
What are the benefits of groundnut?,help
Why is little millet important?,help
What nutrients are present in cucumber?,help
How many species of wheat exist?,help
Best way to grow mustard,help
What nutrients are present in nutmeg?,help
Best fertilizer for kodo millet,help
Best way to grow pepper,help
Best way to grow banana,help
Is pear healthy?,help
What soil is best for ginger?,help
Is fenugreek healthy?,help
How to increase cauliflower yield?,help
Why is green gram important?,help
How much water does coconut need?,help
How to increase mango yield?,help
Best way to grow kodo millet,help
How to protect sunflower from pests?,help
How to increase pear yield?,help
What are the uses of apricot?,help
When should I plant carrot?,help
How to increase horse gram yield?,help
How to grow pineapple?,help
What nutrients are present in pigeon pea?,help
Is pearl millet gluten free?,help
Best fertilizer for garlic,help
Best fertilizer for fenugreek,help
Why is cherry important?,help
Best way to grow lychee,help
How to increase ragi yield?,help
What are the uses of cucumber?,help
How to increase maize yield?,help
What nutrients are present in proso millet?,help
Best way to grow cucumber,help
How much water does pepper need?,help
Is cardamom gluten free?,help
Is eggplant gluten free?,help
Why is cumin important?,help
How to increase ginger yield?,help
What are the benefits of peach?,help
Why is horse gram important?,help
How to increase tomato yield?,help
Is bitter gourd healthy?,help
What are the uses of sunflower?,help
Is banana gluten free?,help
What are the uses of pomegranate?,help
How to protect banana from pests?,help
What are the uses of castor?,help
What nutrients are present in cucumber?,help
Is lemon gluten free?,help
How to protect ash gourd from pests?,help
Best fertilizer for pineapple,help
What nutrients are present in ragi?,help
How to grow strawberry?,help
Why is apricot important?,help
Is apple healthy?,help
What are the uses of moth bean?,help
What are the uses of spinach?,help
What are the uses of rubber?,help
What are the uses of coconut?,help
How to protect peach from pests?,help
What nutrients are present in beans?,help
How to increase mango yield?,help
When should I plant cocoa?,help
How many species of kiwi exist?,help
How to increase maize yield?,help
What nutrients are present in cumin?,help
How to grow lettuce?,help
What nutrients are present in sesame?,help
Tell me about potato,help
Is cherry gluten free?,help
What nutrients are present in tomato?,help
Is grapes healthy?,help
What are the uses of cocoa?,help
Best way to grow carrot,help
What soil is best for black gram?,help
What are the benefits of spinach?,help
How to increase coffee yield?,help
Is cowpea healthy?,help
Tell me about rice,help
How to protect cumin from pests?,help
What are the benefits of pearl millet?,help
Is pear healthy?,help
Tips for growing ash gourd,help
What soil is best for cocoa?,help
Is ragi gluten free?,help
What are the uses of turmeric?,help
What are the uses of bottle gourd?,help
What are the uses of kodo millet?,help
Tips for growing castor,help
Tips for growing capsicum,help
What are the uses of pigeon pea?,help
Is tomato healthy?,help
Tell me about castor,help
How many species of pomegranate exist?,help
Why is millet important?,help
How to protect eggplant from pests?,help
What are the benefits of peas?,help
When should I plant pomegranate?,help
What soil is best for lentils?,help
Best fertilizer for orange,help
Tell me about radish,help
Is rubber healthy?,help
How to increase carrot yield?,help
What are the benefits of wheat?,help
Is onion gluten free?,help
How to grow green gram?,help
How to cultivate pigeon pea?,help
When should I plant pineapple?,help
Best fertilizer for strawberry,help
Best fertilizer for grapes,help
Tips for growing horse gram,help
